start,end,_Get Coordinates of Feature_latitude,_Get Coordinates of Feature_longitude,_Get Coordinates of Feature_altitude,_Get Coordinates of Feature_precision,Feature to be mapped,Take a clear Photo of the Transformer,Take a clear Photo of the Transformer_URL,What telecommunication network owns it?,Provide a clear photo of the Illegal dumpsite,Provide a clear photo of the Illegal dumpsite_URL,What is the Environmental Hazard,Well_Water_Level___,Provide a clear photo of the mast showing the logo of the telecoms provider,Provide a clear photo of the mast showing the logo of the telecoms provider_URL,Provide a clear photo of the environmental hazard,Provide a clear photo of the environmental hazard_URL,_index
2024-02-01,2024-02-01,7.236309,5.202564,370.5477562,5,Well_Water_Level,,,,,,,8.3,,,,,1
2024-02-01,2024-02-01,7.236501,5.203213,365.3285179,5,Well_Water_Level,,,,,,,7.36,,,,,2
2024-02-01,2024-02-01,7.236285,5.203308,365.9129906,5,Well_Water_Level,,,,,,,6.33,,,,,3
2024-02-01,2024-02-01,7.236249,5.203416,365.1839256,5,Environmental Hazards,,,,,,Erosion ,,,,image-6_41_36.jpg,https://kc-eu.kobotoolbox.org/media/original?media_file=rsg_futa%2Fattachments%2F08314d5cb3504ee39083b0f9533ae0fd%2F708d2a68-4a8f-4cff-aa42-c91d867274ae%2Fimage-6_41_36.jpg,4
2024-02-01,2024-02-01,7.23613,5.203657,370.278286,5,Well_Water_Level,,,,,,,6.07,,,,,5
2024-02-01,2024-02-01,7.236122,5.20399,374,3.900000095,Well_Water_Level,,,,,,,5.59,,,,,6
2024-02-01,2024-02-01,7.235918,5.204262,373,4.951800346,Environmental Hazards,,,,,,Erosion ,,,,1706788592122512029531321181145-12_56_47.jpg,https://kc-eu.kobotoolbox.org/media/original?media_file=rsg_futa%2Fattachments%2F08314d5cb3504ee39083b0f9533ae0fd%2F54892d43-7ccc-47b6-ab73-7d19f1e86768%2F1706788592122512029531321181145-12_56_47.jpg,7
2024-02-01,2024-02-01,7.23583,5.204367,374.8,2.099999905,Well_Water_Level,,,,,,,5.69,,,,,8
2024-02-01,2024-02-01,7.235387,5.204143,372.5,4.300000191,Well_Water_Level,,,,,,,6.32,,,,,9
2024-02-01,2024-02-01,7.2353,5.203655,372.6,5,Environmental Hazards,,,,,,Erosion ,,,,17067891194813401007253742423668-13_5_27.jpg,https://kc-eu.kobotoolbox.org/media/original?media_file=rsg_futa%2Fattachments%2F08314d5cb3504ee39083b0f9533ae0fd%2F6bb835d2-2ef1-4135-8ee9-7f470d117a72%2F17067891194813401007253742423668-13_5_27.jpg,10
2024-02-01,2024-02-01,7.235593,5.203237,364.5,4.599999905,Well_Water_Level,,,,,,,6.3,,,,,11
2024-02-01,2024-02-01,7.236716,5.202807,369.3266258,5,Well_Water_Level,,,,,,,7.56,,,,,12
2024-02-01,2024-02-01,7.236787,5.202777,371.5102806,5,Well_Water_Level,,,,,,,7.16,,,,,13
2024-02-01,2024-02-01,7.237022,5.203373,381.6,4.400000095,Well_Water_Level,,,,,,,5.74,,,,,14
2024-02-01,2024-02-01,7.236939,5.203529,364.4628563,5,Well_Water_Level,,,,,,,5.65,,,,,15
2024-02-01,2024-02-01,7.236833,5.203887,382.1,4.699999809,Well_Water_Level,,,,,,,5.13,,,,,16
2024-02-01,2024-02-01,7.236616,5.204848,381.5,4.800000191,Well_Water_Level,,,,,,,5.5,,,,,17
2024-02-01,2024-02-01,7.237318,5.205383,354.6455956,5,Telephone Masts,,,Unknown,,,,,image-7_47_35.jpg,https://kc-eu.kobotoolbox.org/media/original?media_file=rsg_futa%2Fattachments%2F08314d5cb3504ee39083b0f9533ae0fd%2Feac8e33d-3b88-42b5-b7a7-24a80ba64882%2Fimage-7_47_35.jpg,,,18
2024-02-01,2024-02-01,7.237143,5.205407,367.6829491,5,Well_Water_Level,,,,,,,2.94,,,,,19
2024-02-01,2024-02-01,7.236668,5.205773,368.2,3.799999952,Illegal Dumpsites,,,,1706792175478401721949307965709-13_56_22.jpg,https://kc-eu.kobotoolbox.org/media/original?media_file=rsg_futa%2Fattachments%2F08314d5cb3504ee39083b0f9533ae0fd%2F86db3107-40a2-4ba1-8c10-744f30e73e5e%2F1706792175478401721949307965709-13_56_22.jpg,,,,,,,20
2024-02-01,2024-02-01,7.236668,5.205773,368.2,3.900000095,Well_Water_Level,,,,,,,2.97,,,,,21
2024-02-01,2024-02-01,7.235085,5.205793,372.3,2.200000048,Transformer,17067925458006646093795532544525-14_2_31.jpg,https://kc-eu.kobotoolbox.org/media/original?media_file=rsg_futa%2Fattachments%2F08314d5cb3504ee39083b0f9533ae0fd%2F1c2f68f5-b95b-47ee-a5a9-f240a1c1b2cf%2F17067925458006646093795532544525-14_2_31.jpg,,,,,,,,,,22
2024-02-01,2024-02-01,7.23475,5.20616,360.4,4.699999809,Illegal Dumpsites,,,,17067927386022117305400401763976-14_5_49.jpg,https://kc-eu.kobotoolbox.org/media/original?media_file=rsg_futa%2Fattachments%2F08314d5cb3504ee39083b0f9533ae0fd%2F1676fdf0-58d7-4b25-a8da-015fef2cdbf9%2F17067927386022117305400401763976-14_5_49.jpg,,,,,,,23
2024-02-01,2024-02-01,7.234762,5.206253,365.2,3.15199995,Well_Water_Level,,,,,,,2.73,,,,,24
2024-02-01,2024-02-01,7.235222,5.206452,365,2,Illegal Dumpsites,,,,17067929637218117847888787699049-14_9_36.jpg,https://kc-eu.kobotoolbox.org/media/original?media_file=rsg_futa%2Fattachments%2F08314d5cb3504ee39083b0f9533ae0fd%2Fb177855a-f321-4e81-a65c-0e7c2469e509%2F17067929637218117847888787699049-14_9_36.jpg,,,,,,,25
2024-02-01,2024-02-01,7.23507,5.207336,353.4184837,5,Well_Water_Level,,,,,,,3.39,,,,,26
2024-02-01,2024-02-01,7.235426,5.207568,368.1090965,5,Illegal Dumpsites,,,,image-8_18_13.jpg,https://kc-eu.kobotoolbox.org/media/original?media_file=rsg_futa%2Fattachments%2F08314d5cb3504ee39083b0f9533ae0fd%2F14087d80-2a3d-45f3-9e2d-431bb9900170%2Fimage-8_18_13.jpg,,,,,,,27
2024-02-01,2024-02-01,7.235927,5.207944,369.3,2.400000095,Well_Water_Level,,,,,,,6.11,,,,,28
2024-02-01,2024-02-01,7.236956,5.207147,355.9715843,5,Environmental Hazards,,,,,,Erosion ,,,,image-8_40_15.jpg,https://kc-eu.kobotoolbox.org/media/original?media_file=rsg_futa%2Fattachments%2F08314d5cb3504ee39083b0f9533ae0fd%2F1129cdf6-acc7-48ac-a824-d722c3681488%2Fimage-8_40_15.jpg,29
2024-02-01,2024-02-01,7.236952,5.20783,371.7,2.099999905,Well_Water_Level,,,,,,,5.28,,,,,30
2024-02-01,2024-02-01,7.23734,5.208055,372.6,1.899999976,Well_Water_Level,,,,,,,5.58,,,,,31
2024-02-01,2024-02-01,7.236623,5.208965,377.1,2,Transformer,17067956257253177378242174937757-14_53_53.jpg,https://kc-eu.kobotoolbox.org/media/original?media_file=rsg_futa%2Fattachments%2F08314d5cb3504ee39083b0f9533ae0fd%2F4d52603d-dbec-4235-bc09-c748533ddda2%2F17067956257253177378242174937757-14_53_53.jpg,,,,,,,,,,32
2024-02-01,2024-02-01,7.235503,5.209468,373.1,1.899999976,Well_Water_Level,,,,,,,6.84,,,,,33
2024-02-01,2024-02-01,7.235362,5.208993,371.3,2,Well_Water_Level,,,,,,,5.08,,,,,34
2024-02-01,2024-02-01,7.236539,5.20976,373.4,2.099999905,Well_Water_Level,,,,,,,7.34,,,,,35
2024-02-01,2024-02-01,7.236783,5.210578,368.9,2.099999905,Well_Water_Level,,,,,,,3.08,,,,,36
2024-02-01,2024-02-01,7.236055,5.210499,356.0589256,5,Environmental Hazards,,,,,,Erosion ,,,,image-9_21_20.jpg,https://kc-eu.kobotoolbox.org/media/original?media_file=rsg_futa%2Fattachments%2F08314d5cb3504ee39083b0f9533ae0fd%2F9fe4cdb7-bf4d-4812-b4fc-91e9d2288e64%2Fimage-9_21_20.jpg,37
2024-02-01,2024-02-01,7.236027,5.210496,369.4,4.449999809,Well_Water_Level,,,,,,,2.7,,,,,38
2024-02-01,2024-02-01,7.23851,5.207758,364.6,2.099999905,Well_Water_Level,,,,,,,2.18,,,,,39
2024-02-01,2024-02-01,7.239979,5.20876,374.9,2,Telephone Masts,,,Unknown,,,,,17067985196173239947561500113141-15_42_10.jpg,https://kc-eu.kobotoolbox.org/media/original?media_file=rsg_futa%2Fattachments%2F08314d5cb3504ee39083b0f9533ae0fd%2Fdeb83ec8-f6ea-4b45-9799-b6024589faa4%2F17067985196173239947561500113141-15_42_10.jpg,,,40
2024-02-01,2024-02-01,7.239782,5.209339,378,4.849999905,Well_Water_Level,,,,,,,7.62,,,,,41
2024-02-01,2024-02-01,7.238359,5.210103,371.6,1.549999952,Transformer,17067994913134819958226380784307-15_58_18.jpg,https://kc-eu.kobotoolbox.org/media/original?media_file=rsg_futa%2Fattachments%2F08314d5cb3504ee39083b0f9533ae0fd%2F6b8f6f56-8557-4fc4-b923-387c79336cbd%2F17067994913134819958226380784307-15_58_18.jpg,,,,,,,,,,42
2024-02-01,2024-02-01,7.237283,5.212058,371,4.449999809,Telephone Masts,,,Unknown,,,,,1706799951514701368589393137723-16_6_15.jpg,https://kc-eu.kobotoolbox.org/media/original?media_file=rsg_futa%2Fattachments%2F08314d5cb3504ee39083b0f9533ae0fd%2F864fca5c-bc2e-4ccc-9d08-45e06eb9c03e%2F1706799951514701368589393137723-16_6_15.jpg,,,43
2024-02-01,2024-02-01,7.236865,5.212247,370.6,1.899999976,Illegal Dumpsites,,,,17068000943882259085114952439059-16_8_34.jpg,https://kc-eu.kobotoolbox.org/media/original?media_file=rsg_futa%2Fattachments%2F08314d5cb3504ee39083b0f9533ae0fd%2F67cdac58-a378-4f9b-a413-786173596d70%2F17068000943882259085114952439059-16_8_34.jpg,,,,,,,44
2024-02-01,2024-02-01,7.235135,5.211755,362,2,Well_Water_Level,,,,,,,4.19,,,,,45
2024-02-01,2024-02-01,7.234584,5.208793,366,2,Well_Water_Level,,,,,,,2.91,,,,,46
2024-02-01,2024-02-01,7.233606,5.207948,365.3,3.400000095,Telephone Masts,,,Unknown,,,,,1706802569305602917620052608268-16_49_41.jpg,https://kc-eu.kobotoolbox.org/media/original?media_file=rsg_futa%2Fattachments%2F08314d5cb3504ee39083b0f9533ae0fd%2Ff5ed01ac-f9f0-4e8d-8062-cfcbb6d3bc86%2F1706802569305602917620052608268-16_49_41.jpg,,,47
2024-02-01,2024-02-01,7.233535,5.207195,360.4,2,Well_Water_Level,,,,,,,3.48,,,,,48
2024-02-01,2024-02-01,7.232135,5.207655,359.4,2.099999905,Well_Water_Level,,,,,,,2.62,,,,,49
2024-02-01,2024-02-01,7.232212,5.208297,350.6083641,5,Illegal Dumpsites,,,,image-11_6_8.jpg,https://kc-eu.kobotoolbox.org/media/original?media_file=rsg_futa%2Fattachments%2F08314d5cb3504ee39083b0f9533ae0fd%2F7dd41023-059c-49ac-8d0e-f20a1fbecba3%2Fimage-11_6_8.jpg,,,,,,,50
2024-02-01,2024-02-01,7.232251,5.208467,365.3,2,Well_Water_Level,,,,,,,3.36,,,,,51
2024-02-01,2024-02-01,7.232883,5.205722,374.7,2.299999952,Transformer,17068042140308843945336827225587-17_17_1.jpg,https://kc-eu.kobotoolbox.org/media/original?media_file=rsg_futa%2Fattachments%2F08314d5cb3504ee39083b0f9533ae0fd%2Fff2b1152-825a-4aee-ada1-427b425ae174%2F17068042140308843945336827225587-17_17_1.jpg,,,,,,,,,,52
2024-02-01,2024-02-01,7.233517,5.205103,369.7,1.899999976,Well_Water_Level,,,,,,,6.34,,,,,53
2024-02-01,2024-02-01,7.23224,5.208295,351.3984032,5,Transformer,image-11_24_38.jpg,https://kc-eu.kobotoolbox.org/media/original?media_file=rsg_futa%2Fattachments%2F08314d5cb3504ee39083b0f9533ae0fd%2F996d800d-4c9b-465b-b3b3-ad4b00c91e57%2Fimage-11_24_38.jpg,,,,,,,,,,54
2024-02-02,2024-02-02,7.235895,5.202401,390.2999878,2.299999952,Well_Water_Level,,,,,,,7.99,,,,,55
2024-02-02,2024-02-02,7.2354,5.202242,390.2999878,2.200000048,Well_Water_Level,,,,,,,7.27,,,,,56
2024-02-02,2024-02-02,7.234292,5.201798,369.1,2,Well_Water_Level,,,,,,,4.53,,,,,57
2024-02-02,2024-02-02,7.233478,5.201267,371.6,2.948999882,Well_Water_Level,,,,,,,2.07,,,,,58
2024-02-02,2024-02-02,7.232495,5.200648,362.9,2,Well_Water_Level,,,,,,,1.79,,,,,59
2024-02-02,2024-02-02,7.231808,5.199939,365.7,2.099999905,Well_Water_Level,,,,,,,1.81,,,,,60
2024-02-02,2024-02-02,7.231147,5.199643,363.4,2.099999905,Well_Water_Level,,,,,,,4.42,,,,,61
2024-02-02,2024-02-02,7.23026,5.199743,367.5,3.900000095,Well_Water_Level,,,,,,,5.24,,,,,62
2024-02-02,2024-02-02,7.229379,5.199783,372,1.600000024,Well_Water_Level,,,,,,,5.76,,,,,63
2024-02-02,2024-02-02,7.228573,5.200503,366.6,2.099999905,Well_Water_Level,,,,,,,2.86,,,,,64
2024-02-02,2024-02-02,7.228547,5.201535,364.5,2.871999979,Illegal Dumpsites,,,,17068690233276077953630081646984-11_17_9.jpg,https://kc-eu.kobotoolbox.org/media/original?media_file=rsg_futa%2Fattachments%2F08314d5cb3504ee39083b0f9533ae0fd%2Fc7500e3e-a918-406d-afa5-1bcca7d970a4%2F17068690233276077953630081646984-11_17_9.jpg,,,,,,,65
2024-02-02,2024-02-02,7.228918,5.2015,363.7,2.200000048,Well_Water_Level,,,,,,,0.43,,,,,66
2024-02-02,2024-02-02,7.22833,5.202233,369,3.535000086,Well_Water_Level,,,,,,,3.65,,,,,67
2024-02-01,2024-02-02,7.234325,5.201805,362.7725487,5,Environmental Hazards,,,,,,Erosion ,,,,image-4_34_10.jpg,https://kc-eu.kobotoolbox.org/media/original?media_file=rsg_futa%2Fattachments%2F08314d5cb3504ee39083b0f9533ae0fd%2F611829ab-569f-4acf-bf1e-639a78f77283%2Fimage-4_34_10.jpg,68
2024-02-01,2024-02-02,7.234325,5.201805,362.7725487,5,Environmental Hazards,,,,,,Erosion ,,,,image-4_34_10.jpg,https://kc-eu.kobotoolbox.org/media/original?media_file=rsg_futa%2Fattachments%2F08314d5cb3504ee39083b0f9533ae0fd%2F611829ab-569f-4acf-bf1e-639a78f77283%2Fimage-4_34_10.jpg,69
2024-02-02,2024-02-02,7.228948,5.199808,363.6347313,5,Environmental Hazards,,,,,,Erosion ,,,,image-5_9_3.jpg,https://kc-eu.kobotoolbox.org/media/original?media_file=rsg_futa%2Fattachments%2F08314d5cb3504ee39083b0f9533ae0fd%2F4164c62f-992b-4003-8fe4-c71a92d8ceb0%2Fimage-5_9_3.jpg,70
2024-02-02,2024-02-02,7.228414,5.202816,368.4,3.076999903,Transformer,17068695944378342630162168991133-11_26_40.jpg,https://kc-eu.kobotoolbox.org/media/original?media_file=rsg_futa%2Fattachments%2F08314d5cb3504ee39083b0f9533ae0fd%2Fe8a85cd5-0c6c-4977-a0c4-ed6dd374f233%2F17068695944378342630162168991133-11_26_40.jpg,,,,,,,,,,71
2024-02-02,2024-02-02,7.229597,5.202993,360.1,2.099999905,Well_Water_Level,,,,,,,3.3,,,,,72
2024-02-02,2024-02-02,7.23001,5.202981,360.5,2,Well_Water_Level,,,,,,,3.71,,,,,73
2024-02-02,2024-02-02,7.23075,5.203698,360.8,2.200000048,Well_Water_Level,,,,,,,3.41,,,,,74
2024-02-02,2024-02-02,7.230835,5.202244,361.9,2,Well_Water_Level,,,,,,,2.11,,,,,75
2024-02-02,2024-02-02,7.231578,5.20281,358.1,2,Illegal Dumpsites,,,,17068716158412129751560871741226-12_0_33.jpg,https://kc-eu.kobotoolbox.org/media/original?media_file=rsg_futa%2Fattachments%2F08314d5cb3504ee39083b0f9533ae0fd%2Fc66c99e4-d1dc-4db4-a821-23540e9a9ba9%2F17068716158412129751560871741226-12_0_33.jpg,,,,,,,76
2024-02-02,2024-02-02,7.231578,5.20281,358.1,2.200000048,Environmental Hazards,,,,,,Erosion ,,,,17068716683998861325886349282072-12_1_15.jpg,https://kc-eu.kobotoolbox.org/media/original?media_file=rsg_futa%2Fattachments%2F08314d5cb3504ee39083b0f9533ae0fd%2F1d69f3d7-6567-4701-9b9d-341e0ed0bea7%2F17068716683998861325886349282072-12_1_15.jpg,77
2024-02-02,2024-02-02,7.232102,5.202857,359.4,3.900000095,Well_Water_Level,,,,,,,1.02,,,,,78
2024-02-02,2024-02-02,7.230636,5.204083,363,3.599999905,Transformer,17068721695768419706289682613486-12_9_37.jpg,https://kc-eu.kobotoolbox.org/media/original?media_file=rsg_futa%2Fattachments%2F08314d5cb3504ee39083b0f9533ae0fd%2F65444ef2-4ad8-4c96-849c-361f3fb54f6f%2F17068721695768419706289682613486-12_9_37.jpg,,,,,,,,,,79
2024-02-02,2024-02-02,7.22998,5.205392,361.5,3.130000114,Well_Water_Level,,,,,,,4.34,,,,,80
2024-02-02,2024-02-02,7.22931,5.206387,358.4,2,Well_Water_Level,,,,,,,0.16,,,,,81
2024-02-02,2024-02-02,7.228248,5.206205,367.3,2,Well_Water_Level,,,,,,,2.47,,,,,82
2024-02-02,2024-02-02,7.227647,5.206108,366.1,3.872999907,Well_Water_Level,,,,,,,2.85,,,,,83
2024-02-02,2024-02-02,7.227773,5.205207,361.1,2,Illegal Dumpsites,,,,17068734614167795819024066361855-12_31_27.jpg,https://kc-eu.kobotoolbox.org/media/original?media_file=rsg_futa%2Fattachments%2F08314d5cb3504ee39083b0f9533ae0fd%2Fe81062ea-10ba-4bef-bd01-84048e5823ea%2F17068734614167795819024066361855-12_31_27.jpg,,,,,,,84
2024-02-02,2024-02-02,7.227705,5.205188,361.1,2.200000048,Well_Water_Level,,,,,,,3.19,,,,,85
2024-02-02,2024-02-02,7.22829,5.204222,368.5,2.200000048,Well_Water_Level,,,,,,,3.99,,,,,86
2024-02-02,2024-02-02,7.227657,5.204076,368.8,2,Well_Water_Level,,,,,,,3.72,,,,,87
2024-02-02,2024-02-02,7.227193,5.20456,370.3,2.099999905,Telephone Masts,,,Unknown,,,,,17068745312314345540665146791371-12_48_59.jpg,https://kc-eu.kobotoolbox.org/media/original?media_file=rsg_futa%2Fattachments%2F08314d5cb3504ee39083b0f9533ae0fd%2Fa744eb14-6616-40de-80bf-51a7c41302bd%2F17068745312314345540665146791371-12_48_59.jpg,,,88
2024-02-02,2024-02-02,7.227153,5.204787,369.7,2.849999905,Illegal Dumpsites,,,,17068746243624824308824958491121-12_50_34.jpg,https://kc-eu.kobotoolbox.org/media/original?media_file=rsg_futa%2Fattachments%2F08314d5cb3504ee39083b0f9533ae0fd%2Fb0de8ede-30a3-436d-a6dd-548be426de8b%2F17068746243624824308824958491121-12_50_34.jpg,,,,,,,89
2024-02-02,2024-02-02,7.226712,5.206357,368.6,2.276000023,Well_Water_Level,,,,,,,4.96,,,,,90
2024-02-02,2024-02-02,7.229013,5.209066,368,2.200000048,Well_Water_Level,,,,,,,8.48,,,,,91
2024-02-02,2024-02-02,7.23136,5.208928,354.9,2.099999905,Well_Water_Level,,,,,,,2.42,,,,,92
2024-02-02,2024-02-02,7.231352,5.210505,356.8,2.299999952,Illegal Dumpsites,,,,17068768493134163921076576167525-13_27_36.jpg,https://kc-eu.kobotoolbox.org/media/original?media_file=rsg_futa%2Fattachments%2F08314d5cb3504ee39083b0f9533ae0fd%2Ff56e9319-3b52-48c8-960b-af2a14c189e9%2F17068768493134163921076576167525-13_27_36.jpg,,,,,,,93
2024-02-02,2024-02-02,7.230012,5.21185,359,2.099999905,Well_Water_Level,,,,,,,2.34,,,,,94
2024-02-02,2024-02-02,7.230648,5.211727,357.2,2.200000048,Well_Water_Level,,,,,,,1.97,,,,,95
2024-02-02,2024-02-02,7.231702,5.211652,352.9,2.200000048,Well_Water_Level,,,,,,,1.31,,,,,96
2024-02-02,2024-02-02,7.227311,5.199288,377.1,2.099999905,Well_Water_Level,,,,,,,5,,,,,97
2024-02-02,2024-02-02,7.226666,5.199077,376.3,2,Transformer,17068817515835568861858332106994-14_49_20.jpg,https://kc-eu.kobotoolbox.org/media/original?media_file=rsg_futa%2Fattachments%2F08314d5cb3504ee39083b0f9533ae0fd%2Faa049308-a31a-49b2-bb9f-05cdd2b0eb8f%2F17068817515835568861858332106994-14_49_20.jpg,,,,,,,,,,98
2024-02-02,2024-02-02,7.226541,5.181426,347.3594627,5,Well_Water_Level,,,,,,,5.15,,,,,99
2024-02-02,2024-02-02,7.226665,5.199075,393,2.200000048,Well_Water_Level,,,,,,,3.91,,,,,100
2024-02-02,2024-02-02,7.22659,5.197762,384.9,2,Well_Water_Level,,,,,,,7.32,,,,,101
2024-02-02,2024-02-02,7.22695,5.184089,348.3984642,5,Well_Water_Level,,,,,,,2.47,,,,,102
2024-02-02,2024-02-02,7.226942,5.196777,388.1,2,Well_Water_Level,,,,,,,11.83,,,,,103
2024-02-02,2024-02-02,7.226841,5.185281,350.4471092,5,Well_Water_Level,,,,,,,4.21,,,,,104
2024-02-02,2024-02-02,7.227272,5.197768,386.5,4.849999905,Transformer,17068827740765082203590251010092-15_6_21.jpg,https://kc-eu.kobotoolbox.org/media/original?media_file=rsg_futa%2Fattachments%2F08314d5cb3504ee39083b0f9533ae0fd%2F9e4f05c3-3cf9-4b27-aa27-d587b1c545c8%2F17068827740765082203590251010092-15_6_21.jpg,,,,,,,,,,105
2024-02-02,2024-02-02,7.228109,5.197701,383.5,2,Telephone Masts,,,Unknown,,,,,17068829590121476182420328831247-15_9_30.jpg,https://kc-eu.kobotoolbox.org/media/original?media_file=rsg_futa%2Fattachments%2F08314d5cb3504ee39083b0f9533ae0fd%2Fb6fa37d0-d603-4e6a-a38b-62bba0a96a1e%2F17068829590121476182420328831247-15_9_30.jpg,,,106
2024-02-02,2024-02-02,7.227658,5.18619,383.0783348,5,Illegal Dumpsites,,,,image-9_11_40.jpg,https://kc-eu.kobotoolbox.org/media/original?media_file=rsg_futa%2Fattachments%2F08314d5cb3504ee39083b0f9533ae0fd%2F6b427e93-f031-45f9-9717-f2ee1a146551%2Fimage-9_11_40.jpg,,,,,,,107
2024-02-02,2024-02-02,7.228332,5.186784,367.4757347,5,Telephone Masts,,,Unknown,,,,,image-9_15_18.jpg,https://kc-eu.kobotoolbox.org/media/original?media_file=rsg_futa%2Fattachments%2F08314d5cb3504ee39083b0f9533ae0fd%2F969d46dd-af6b-4559-b6b4-10a4fb5f61ae%2Fimage-9_15_18.jpg,,,108
2024-02-02,2024-02-02,7.22823,5.18668,368.4735985,5,Well_Water_Level,,,,,,,7.35,,,,,109
2024-02-02,2024-02-02,7.230333,5.196313,380.3,2.099999905,Transformer,17068836365743507222754354434594-15_20_45.jpg,https://kc-eu.kobotoolbox.org/media/original?media_file=rsg_futa%2Fattachments%2F08314d5cb3504ee39083b0f9533ae0fd%2Fcff73cba-2b77-4769-85d7-0e7cb6a812be%2F17068836365743507222754354434594-15_20_45.jpg,,,,,,,,,,110
2024-02-02,2024-02-02,7.230583,5.196316,374.9,5,Well_Water_Level,,,,,,,4.36,,,,,111
2024-02-02,2024-02-02,7.228854,5.187786,367.2081409,5,Well_Water_Level,,,,,,,7.56,,,,,112
2024-02-02,2024-02-02,7.229858,5.197692,380.6,1.899999976,Well_Water_Level,,,,,,,6.28,,,,,113
2024-02-02,2024-02-02,7.228904,5.187957,371.6927757,5,Well_Water_Level,,,,,,,7.82,,,,,114
2024-02-02,2024-02-02,7.229838,5.198805,377.2,3.900000095,Transformer,1706884620634544603071564455770-15_37_12.jpg,https://kc-eu.kobotoolbox.org/media/original?media_file=rsg_futa%2Fattachments%2F08314d5cb3504ee39083b0f9533ae0fd%2Ffbcb06a5-c26b-4fd6-beed-621a4bd301d2%2F1706884620634544603071564455770-15_37_12.jpg,,,,,,,,,,115
2024-02-02,2024-02-02,7.228025,5.18968,368.6665916,5,Environmental Hazards,,,,,,Erosion ,,,,image-9_38_41.jpg,https://kc-eu.kobotoolbox.org/media/original?media_file=rsg_futa%2Fattachments%2F08314d5cb3504ee39083b0f9533ae0fd%2F92b22bc7-50d1-41c0-9892-caaab4b5bec3%2Fimage-9_38_41.jpg,116
2024-02-02,2024-02-02,7.228172,5.189737,378.0245018,5,Well_Water_Level,,,,,,,7.65,,,,,117
2024-02-02,2024-02-02,7.228172,5.189737,376.3409081,5,Telephone Masts,,,Unknown,,,,,image-9_42_2.jpg,https://kc-eu.kobotoolbox.org/media/original?media_file=rsg_futa%2Fattachments%2F08314d5cb3504ee39083b0f9533ae0fd%2F6f8553d1-c0ee-432e-8a13-2e0bdce82f04%2Fimage-9_42_2.jpg,,,118
2024-02-02,2024-02-02,7.230625,5.198413,377.7,2.365999937,Telephone Masts,,,Unknown,,,,,17068849298094279275020440990855-15_42_18.jpg,https://kc-eu.kobotoolbox.org/media/original?media_file=rsg_futa%2Fattachments%2F08314d5cb3504ee39083b0f9533ae0fd%2F75cdfe2c-bfab-4cfa-bf2d-690d880e5bf1%2F17068849298094279275020440990855-15_42_18.jpg,,,119
2024-02-02,2024-02-02,7.227244,5.189536,370.6089745,5,Illegal Dumpsites,,,,image-9_43_10.jpg,https://kc-eu.kobotoolbox.org/media/original?media_file=rsg_futa%2Fattachments%2F08314d5cb3504ee39083b0f9533ae0fd%2Fa2730a2b-92bd-456f-8bcd-73c1bbbd319e%2Fimage-9_43_10.jpg,,,,,,,120
2024-02-02,2024-02-02,7.232226,5.198145,377.8,2.099999905,Well_Water_Level,,,,,,,2.96,,,,,121
2024-02-02,2024-02-02,7.227214,5.189028,376.8934802,5,Well_Water_Level,,,,,,,5.78,,,,,122
2024-02-02,2024-02-02,7.232965,5.197495,373.1,2,Transformer,1706885497122598504789833971889-15_51_44.jpg,https://kc-eu.kobotoolbox.org/media/original?media_file=rsg_futa%2Fattachments%2F08314d5cb3504ee39083b0f9533ae0fd%2F66ef82c0-b1b5-4249-ae9a-7a785df382e7%2F1706885497122598504789833971889-15_51_44.jpg,,,,,,,,,,123
2024-02-02,2024-02-02,7.226425,5.188022,356.8532372,5,Well_Water_Level,,,,,,,6.25,,,,,124
2024-02-02,2024-02-02,7.233497,5.197575,371.5,3.186000109,Well_Water_Level,,,,,,,5.51,,,,,125
2024-02-02,2024-02-02,7.234038,5.19739,362.9,4,Illegal Dumpsites,,,,17068859583537877711101137335174-15_59_25.jpg,https://kc-eu.kobotoolbox.org/media/original?media_file=rsg_futa%2Fattachments%2F08314d5cb3504ee39083b0f9533ae0fd%2F128098a0-48a3-4853-a38f-23ed5bacca6a%2F17068859583537877711101137335174-15_59_25.jpg,,,,,,,126
2024-02-02,2024-02-02,7.227224,5.188536,370.7327538,5,Illegal Dumpsites,,,,image-10_3_33.jpg,https://kc-eu.kobotoolbox.org/media/original?media_file=rsg_futa%2Fattachments%2F08314d5cb3504ee39083b0f9533ae0fd%2Fd8f5152e-8e7a-4f31-a27f-08a983316bc5%2Fimage-10_3_33.jpg,,,,,,,127
2024-02-02,2024-02-02,7.227175,5.190425,371.4890404,5,Well_Water_Level,,,,,,,8.94,,,,,128
2024-02-02,2024-02-02,7.235153,5.196728,355.8,2.099999905,Well_Water_Level,,,,,,,3.17,,,,,129
2024-02-02,2024-02-02,7.226759,5.19105,371.868618,5,Well_Water_Level,,,,,,,6.15,,,,,130
2024-02-02,2024-02-02,7.23599,5.19781,368.1,2.099999905,Well_Water_Level,,,,,,,4.64,,,,,131
2024-02-02,2024-02-02,7.235642,5.198033,366.8,1.799999952,Well_Water_Level,,,,,,,4.19,,,,,132
2024-02-02,2024-02-02,7.226528,5.191198,380.5181541,5,Well_Water_Level,,,,,,,3.63,,,,,133
2024-02-02,2024-02-02,7.227444,5.192855,373.0964012,5,Illegal Dumpsites,,,,image-10_20_59.jpg,https://kc-eu.kobotoolbox.org/media/original?media_file=rsg_futa%2Fattachments%2F08314d5cb3504ee39083b0f9533ae0fd%2Fe4ee6cf8-f975-4fdf-a7c2-3350c6948d2b%2Fimage-10_20_59.jpg,,,,,,,134
2024-02-02,2024-02-02,7.236598,5.197077,365.9,2,Well_Water_Level,,,,,,,4.5,,,,,135
2024-02-02,2024-02-02,7.228992,5.193383,364.538546,5,Well_Water_Level,,,,,,,2.9,,,,,136
2024-02-02,2024-02-02,7.229703,5.192258,363.0794334,5,Well_Water_Level,,,,,,,1.76,,,,,137
2024-02-02,2024-02-02,7.236765,5.196058,362.5,2.099999905,Well_Water_Level,,,,,,,1.07,,,,,138
2024-02-02,2024-02-02,7.230158,5.191028,361.3140526,5,Well_Water_Level,,,,,,,1.94,,,,,139
2024-02-02,2024-02-02,7.237245,5.19669,362.6,3.799999952,Well_Water_Level,,,,,,,3.1,,,,,140
2024-02-02,2024-02-02,7.228912,5.190365,369.8088036,5,Environmental Hazards,,,,,,Erosion ,,,,image-10_44_42.jpg,https://kc-eu.kobotoolbox.org/media/original?media_file=rsg_futa%2Fattachments%2F08314d5cb3504ee39083b0f9533ae0fd%2F66f6d4ba-0b77-49a1-aa6a-382369390c60%2Fimage-10_44_42.jpg,141
2024-02-02,2024-02-02,7.228783,5.190066,368.7983055,5,Well_Water_Level,,,,,,,8.02,,,,,142
2024-02-02,2024-02-02,7.228672,5.190065,369.7236595,5,Illegal Dumpsites,,,,image-10_48_5.jpg,https://kc-eu.kobotoolbox.org/media/original?media_file=rsg_futa%2Fattachments%2F08314d5cb3504ee39083b0f9533ae0fd%2Fbb3facd2-63fa-4923-a811-21a02071afea%2Fimage-10_48_5.jpg,,,,,,,143
2024-02-02,2024-02-02,7.236017,5.195935,357.7,5.099999905,Illegal Dumpsites,,,,17068892136538502276795119575948-16_53_51.jpg,https://kc-eu.kobotoolbox.org/media/original?media_file=rsg_futa%2Fattachments%2F08314d5cb3504ee39083b0f9533ae0fd%2F322bbfd3-87fa-46c7-a41d-1500148fb7d0%2F17068892136538502276795119575948-16_53_51.jpg,,,,,,,144
2024-02-02,2024-02-02,7.230908,5.188621,366.8139915,5,Well_Water_Level,,,,,,,4.52,,,,,145
2024-02-02,2024-02-02,7.231172,5.187839,372.0384178,5,Illegal Dumpsites,,,,image-11_3_6.jpg,https://kc-eu.kobotoolbox.org/media/original?media_file=rsg_futa%2Fattachments%2F08314d5cb3504ee39083b0f9533ae0fd%2Faca9cddd-2b05-439f-b385-3f0081a4a0bb%2Fimage-11_3_6.jpg,,,,,,,146
2024-02-02,2024-02-02,7.235807,5.194995,367.4,2,Well_Water_Level,,,,,,,4.7,,,,,147
2024-02-02,2024-02-02,7.230223,5.187274,407.8666039,5,Well_Water_Level,,,,,,,6.07,,,,,148
2024-02-02,2024-02-02,7.234283,5.194872,368.5,2.099999905,Well_Water_Level,,,,,,,5.33,,,,,149
2024-02-02,2024-02-02,7.231858,5.186801,364.6851463,5,Illegal Dumpsites,,,,image-11_16_3.jpg,https://kc-eu.kobotoolbox.org/media/original?media_file=rsg_futa%2Fattachments%2F08314d5cb3504ee39083b0f9533ae0fd%2F9388201c-3379-4097-ad10-c7a24775865d%2Fimage-11_16_3.jpg,,,,,,,150
2024-02-02,2024-02-02,7.231921,5.186248,369.6683006,5,Well_Water_Level,,,,,,,6.99,,,,,151
2024-02-02,2024-02-02,7.232845,5.195195,367.8,2.71239996,Well_Water_Level,,,,,,,3.34,,,,,152
2024-02-02,2024-02-02,7.231596,5.184775,355.0038109,5,Transformer,image-11_24_45.jpg,https://kc-eu.kobotoolbox.org/media/original?media_file=rsg_futa%2Fattachments%2F08314d5cb3504ee39083b0f9533ae0fd%2F34cb5a79-5ff8-4b82-a97e-620b6020d125%2Fimage-11_24_45.jpg,,,,,,,,,,153
2024-02-02,2024-02-02,7.231705,5.194725,367.2,2.099999905,Well_Water_Level,,,,,,,5.29,,,,,154
2024-02-02,2024-02-02,7.231621,5.184736,356.4459496,5,Well_Water_Level,,,,,,,2.07,,,,,155
2024-02-02,2024-02-02,7.231954,5.184939,353.52145,5,Illegal Dumpsites,,,,image-11_28_39.jpg,https://kc-eu.kobotoolbox.org/media/original?media_file=rsg_futa%2Fattachments%2F08314d5cb3504ee39083b0f9533ae0fd%2F6baeebd5-a37d-47d6-b3d0-283c30b69223%2Fimage-11_28_39.jpg,,,,,,,156
2024-02-02,2024-02-02,7.231,5.193827,370.8,2.200000048,Well_Water_Level,,,,,,,5.22,,,,,157
2024-02-02,2024-02-02,7.232998,5.184818,363.0599632,5,Well_Water_Level,,,,,,,4.74,,,,,158
2024-02-02,2024-02-02,7.230799,5.184305,367.1692772,5,Transformer,image-11_41_23.jpg,https://kc-eu.kobotoolbox.org/media/original?media_file=rsg_futa%2Fattachments%2F08314d5cb3504ee39083b0f9533ae0fd%2F1bc21dc4-58d7-4980-8868-ae482239bd16%2Fimage-11_41_23.jpg,,,,,,,,,,159
2024-02-02,2024-02-02,7.230028,5.194857,372,2,Well_Water_Level,,,,,,,1.14,,,,,160
2024-02-02,2024-02-02,7.229944,5.183543,350.9003563,5,Well_Water_Level,,,,,,,3.5,,,,,161
2024-02-02,2024-02-02,7.228512,5.194926,377.2,3.799999952,Telephone Masts,,,MTN,,,,,17068924373457527804764114149553-17_47_26.jpg,https://kc-eu.kobotoolbox.org/media/original?media_file=rsg_futa%2Fattachments%2F08314d5cb3504ee39083b0f9533ae0fd%2F44806b5d-fe65-4c5c-998a-e190ee8baa1d%2F17068924373457527804764114149553-17_47_26.jpg,,,162
2024-02-02,2024-02-02,7.228715,5.195655,378.6,2.099999905,Environmental Hazards,,,,,,Active gully,,,,17068926800668597679206549769675-17_51_26.jpg,https://kc-eu.kobotoolbox.org/media/original?media_file=rsg_futa%2Fattachments%2F08314d5cb3504ee39083b0f9533ae0fd%2F02d8bf88-2d43-4f06-adc6-76c54b769271%2F17068926800668597679206549769675-17_51_26.jpg,163
2024-02-02,2024-02-02,7.228487,5.196379,383.5,2.450000048,Illegal Dumpsites,,,,17068927958138443327679114225674-17_53_21.jpg,https://kc-eu.kobotoolbox.org/media/original?media_file=rsg_futa%2Fattachments%2F08314d5cb3504ee39083b0f9533ae0fd%2Fde35da00-2a21-480a-8634-2bde60619a8c%2F17068927958138443327679114225674-17_53_21.jpg,,,,,,,164
2024-02-02,2024-02-02,7.228594,5.184589,359.0879173,5,Well_Water_Level,,,,,,,3.99,,,,,165
2024-02-02,2024-02-02,7.228988,5.186443,373.2409325,5,Transformer,image-12_14_17.jpg,https://kc-eu.kobotoolbox.org/media/original?media_file=rsg_futa%2Fattachments%2F08314d5cb3504ee39083b0f9533ae0fd%2Fc0fef9bb-f83b-46db-ad87-e3a75fda2408%2Fimage-12_14_17.jpg,,,,,,,,,,166
2024-02-02,2024-02-02,7.229355,5.185418,379.4600487,5,Illegal Dumpsites,,,,image-12_19_44.jpg,https://kc-eu.kobotoolbox.org/media/original?media_file=rsg_futa%2Fattachments%2F08314d5cb3504ee39083b0f9533ae0fd%2F5f7096f7-1f4b-41c9-9e69-58f753e4145d%2Fimage-12_19_44.jpg,,,,,,,167
2024-02-02,2024-02-02,7.230129,5.18442,357.7373314,5,Illegal Dumpsites,,,,image-12_22_51.jpg,https://kc-eu.kobotoolbox.org/media/original?media_file=rsg_futa%2Fattachments%2F08314d5cb3504ee39083b0f9533ae0fd%2Fa64f17ad-fcaa-423f-a343-b49a7fae7ff8%2Fimage-12_22_51.jpg,,,,,,,168
2024-02-03,2024-02-03,7.236738,5.200914,364.2,2.200000048,Well_Water_Level,,,,,,,5.3,,,,,169
2024-02-03,2024-02-03,7.236848,5.200628,364.1,1.899999976,Environmental Hazards,,,,,,Active gully,,,,17069581280353016598427650746488-12_2_45.jpg,https://kc-eu.kobotoolbox.org/media/original?media_file=rsg_futa%2Fattachments%2F08314d5cb3504ee39083b0f9533ae0fd%2Fdb6e484e-d223-4205-9b86-4dcca89b7462%2F17069581280353016598427650746488-12_2_45.jpg,170
2024-02-02,2024-02-03,7.233791,5.195421,352.0414696,5,Illegal Dumpsites,,,,image-6_3_8.jpg,https://kc-eu.kobotoolbox.org/media/original?media_file=rsg_futa%2Fattachments%2F08314d5cb3504ee39083b0f9533ae0fd%2F9f855bd1-f931-4fc0-94f7-7f9d6c60852f%2Fimage-6_3_8.jpg,,,,,,,171
2024-02-03,2024-02-03,7.237158,5.199622,363.7,2,Well_Water_Level,,,,,,,4.9,,,,,172
2024-02-03,2024-02-03,7.231777,5.193239,368.7615623,5,Well_Water_Level,,,,,,,12.85,,,,,173
2024-02-03,2024-02-03,7.236402,5.199597,364.3,2.200000048,Well_Water_Level,,,,,,,4.81,,,,,174
2024-02-03,2024-02-03,7.231777,5.193239,369.8455519,5,Well_Water_Level,,,,,,,12.46,,,,,175
2024-02-03,2024-02-03,7.232317,5.193407,365.8188133,5,Illegal Dumpsites,,,,image-6_27_51.jpg,https://kc-eu.kobotoolbox.org/media/original?media_file=rsg_futa%2Fattachments%2F08314d5cb3504ee39083b0f9533ae0fd%2Fe5747a4f-edcb-40ed-bdcb-009676ff95ea%2Fimage-6_27_51.jpg,,,,,,,176
2024-02-03,2024-02-03,7.23785,5.199462,361,2.200000048,Telephone Masts,,,Unknown,,,,,17069597342238293476299915725914-12_29_5.jpg,https://kc-eu.kobotoolbox.org/media/original?media_file=rsg_futa%2Fattachments%2F08314d5cb3504ee39083b0f9533ae0fd%2F76cbc565-f9b9-4c48-b01f-a9b0379205db%2F17069597342238293476299915725914-12_29_5.jpg,,,177
2024-02-03,2024-02-03,7.237855,5.199463,361,2.5,Transformer,17069597686224263675157183898065-12_29_40.jpg,https://kc-eu.kobotoolbox.org/media/original?media_file=rsg_futa%2Fattachments%2F08314d5cb3504ee39083b0f9533ae0fd%2F1e03e3f9-b014-44f1-b36c-6e7c0eebc0fb%2F17069597686224263675157183898065-12_29_40.jpg,,,,,,,,,,178
2024-02-03,2024-02-03,7.23281,5.192896,368.1243553,5,Well_Water_Level,,,,,,,11.25,,,,,179
2024-02-03,2024-02-03,7.238712,5.198482,356.8,1.899999976,Well_Water_Level,,,,,,,3.17,,,,,180
2024-02-03,2024-02-03,7.232717,5.191815,362.8297997,5,Transformer,image-6_37_26.jpg,https://kc-eu.kobotoolbox.org/media/original?media_file=rsg_futa%2Fattachments%2F08314d5cb3504ee39083b0f9533ae0fd%2F8bb8e637-25e8-4bff-90c7-468e6d0a6108%2Fimage-6_37_26.jpg,,,,,,,,,,181
2024-02-03,2024-02-03,7.239127,5.200185,355,3.720399857,Illegal Dumpsites,,,,17069604929848969939287078694872-12_41_39.jpg,https://kc-eu.kobotoolbox.org/media/original?media_file=rsg_futa%2Fattachments%2F08314d5cb3504ee39083b0f9533ae0fd%2F7cdeefbc-0542-4487-95c6-0125f0c10cd1%2F17069604929848969939287078694872-12_41_39.jpg,,,,,,,182
2024-02-03,2024-02-03,7.23179,5.190835,356.1298485,5,Well_Water_Level,,,,,,,3.54,,,,,183
2024-02-03,2024-02-03,7.239352,5.20026,356.4,2,Well_Water_Level,,,,,,,0.73,,,,,184
2024-02-03,2024-02-03,7.231212,5.190017,353.0763817,5,Well_Water_Level,,,,,,,0.82,,,,,185
2024-02-03,2024-02-03,7.231225,5.189983,352.1618919,5,Environmental Hazards,,,,,,Erosion ,,,,image-6_51_8.jpg,https://kc-eu.kobotoolbox.org/media/original?media_file=rsg_futa%2Fattachments%2F08314d5cb3504ee39083b0f9533ae0fd%2Fd865c29a-61ef-4773-a5b1-92515cff743c%2Fimage-6_51_8.jpg,186
2024-02-03,2024-02-03,7.240476,5.200158,361.2,5.050000191,Illegal Dumpsites,,,,17069610872403667824403109629857-12_51_39.jpg,https://kc-eu.kobotoolbox.org/media/original?media_file=rsg_futa%2Fattachments%2F08314d5cb3504ee39083b0f9533ae0fd%2F751d6fcf-a606-44cd-b5d3-b3b455e0a8e6%2F17069610872403667824403109629857-12_51_39.jpg,,,,,,,187
2024-02-03,2024-02-03,7.232725,5.190511,361.0603294,5,Well_Water_Level,,,,,,,5.23,,,,,188
2024-02-03,2024-02-03,7.23942,5.19911,350.6,3.059000015,Well_Water_Level,,,,,,,1.24,,,,,189
2024-02-03,2024-02-03,7.232821,5.190666,356.2687645,5,Illegal Dumpsites,,,,image-7_1_51.jpg,https://kc-eu.kobotoolbox.org/media/original?media_file=rsg_futa%2Fattachments%2F08314d5cb3504ee39083b0f9533ae0fd%2F2bf9f0b1-fae3-4348-bd80-28ba75be7ad0%2Fimage-7_1_51.jpg,,,,,,,190
2024-02-03,2024-02-03,7.232771,5.186912,361.0447655,5,Well_Water_Level,,,,,,,5.39,,,,,191
2024-02-03,2024-02-03,7.23949,5.197652,356.4,1.850000024,Illegal Dumpsites,,,,17069621892614931311856925003135-13_9_55.jpg,https://kc-eu.kobotoolbox.org/media/original?media_file=rsg_futa%2Fattachments%2F08314d5cb3504ee39083b0f9533ae0fd%2Ffa119efa-76cd-420e-842b-c5dc086303c9%2F17069621892614931311856925003135-13_9_55.jpg,,,,,,,192
2024-02-03,2024-02-03,7.240624,5.198847,361.8,2.200000048,Environmental Hazards,,,,,,Erosion ,,,,17069624222035542576546468921707-13_13_49.jpg,https://kc-eu.kobotoolbox.org/media/original?media_file=rsg_futa%2Fattachments%2F08314d5cb3504ee39083b0f9533ae0fd%2Fb819228e-e0d7-41b2-a231-f74e0dafed07%2F17069624222035542576546468921707-13_13_49.jpg,193
2024-02-03,2024-02-03,7.233658,5.186358,360.8845482,5,Well_Water_Level,,,,,,,7.01,,,,,194
2024-02-03,2024-02-03,7.23426,5.187397,356.387722,5,Well_Water_Level,,,,,,,5.03,,,,,195
2024-02-03,2024-02-03,7.241512,5.199532,364.7,2.200000048,Well_Water_Level,,,,,,,3.54,,,,,196
2024-02-03,2024-02-03,7.234271,5.187401,356.5788841,5,Environmental Hazards,,,,,,Erosion ,,,,image-7_24_14.jpg,https://kc-eu.kobotoolbox.org/media/original?media_file=rsg_futa%2Fattachments%2F08314d5cb3504ee39083b0f9533ae0fd%2F24619533-f029-4cf3-a2c0-3464c6e7042e%2Fimage-7_24_14.jpg,197
2024-02-03,2024-02-03,7.241802,5.199815,366.9,2.099999905,Transformer,17069630349506939429799104290353-13_24_27.jpg,https://kc-eu.kobotoolbox.org/media/original?media_file=rsg_futa%2Fattachments%2F08314d5cb3504ee39083b0f9533ae0fd%2F58ba4032-46dc-4465-8ab7-d6d55ad58d90%2F17069630349506939429799104290353-13_24_27.jpg,,,,,,,,,,198
2024-02-03,2024-02-03,7.235017,5.188021,351.7441063,5,Well_Water_Level,,,,,,,1.14,,,,,199
2024-02-03,2024-02-03,7.241318,5.200512,365.2,2.200000048,Well_Water_Level,,,,,,,3.77,,,,,200
2024-02-03,2024-02-03,7.24029,5.201131,363.5,2.200000048,Well_Water_Level,,,,,,,3.64,,,,,201
2024-02-03,2024-02-03,7.236106,5.18644,351.9558983,5,Environmental Hazards,,,,,,Erosion ,,,,image-7_40_46.jpg,https://kc-eu.kobotoolbox.org/media/original?media_file=rsg_futa%2Fattachments%2F08314d5cb3504ee39083b0f9533ae0fd%2Fd63f76b6-3aaf-41fd-a116-eca5670e6c35%2Fimage-7_40_46.jpg,202
2024-02-03,2024-02-03,7.237921,5.188252,345.981411,5,Environmental Hazards,,,,,,Active gully,,,,image-7_42_35.jpg,https://kc-eu.kobotoolbox.org/media/original?media_file=rsg_futa%2Fattachments%2F08314d5cb3504ee39083b0f9533ae0fd%2Fa0823dd6-425a-41f1-8613-7bc066363c1f%2Fimage-7_42_35.jpg,203
2024-02-03,2024-02-03,7.237986,5.188109,347.2508202,5,Well_Water_Level,,,,,,,0.83,,,,,204
2024-02-03,2024-02-03,7.239919,5.202682,362.5,1.649999976,Well_Water_Level,,,,,,,1.55,,,,,205
2024-02-03,2024-02-03,7.239536,5.203115,364.4,2,Well_Water_Level,,,,,,,2.52,,,,,206
2024-02-03,2024-02-03,7.239178,5.203135,363.7,1.899999976,Transformer,17069650513293820690760508506787-13_57_41.jpg,https://kc-eu.kobotoolbox.org/media/original?media_file=rsg_futa%2Fattachments%2F08314d5cb3504ee39083b0f9533ae0fd%2F2dc21cf1-8f95-4025-a032-5a207891b596%2F17069650513293820690760508506787-13_57_41.jpg,,,,,,,,,,207
2024-02-03,2024-02-03,7.236978,5.188232,345.7226219,5,Telephone Masts,,,Unknown,,,,,image-7_57_19.jpg,https://kc-eu.kobotoolbox.org/media/original?media_file=rsg_futa%2Fattachments%2F08314d5cb3504ee39083b0f9533ae0fd%2F5590a8a3-545a-471e-b337-1b50e640835f%2Fimage-7_57_19.jpg,,,208
2024-02-03,2024-02-03,7.237015,5.188207,343.0851707,5,Well_Water_Level,,,,,,,0.6,,,,,209
2024-02-03,2024-02-03,7.241417,5.203973,369.2,2.400000095,Well_Water_Level,,,,,,,4.29,,,,,210
2024-02-03,2024-02-03,7.236558,5.190198,355.7934227,5,Illegal Dumpsites,,,,image-8_11_16.jpg,https://kc-eu.kobotoolbox.org/media/original?media_file=rsg_futa%2Fattachments%2F08314d5cb3504ee39083b0f9533ae0fd%2F22195752-7b5b-4458-8e8f-9c4087993c06%2Fimage-8_11_16.jpg,,,,,,,211
2024-02-03,2024-02-03,7.24142,5.204355,366.9,4.400000095,Illegal Dumpsites,,,,17069659219376868327927559716974-14_12_26.jpg,https://kc-eu.kobotoolbox.org/media/original?media_file=rsg_futa%2Fattachments%2F08314d5cb3504ee39083b0f9533ae0fd%2F5e0d96b3-a27d-43c0-8adf-0880f595f382%2F17069659219376868327927559716974-14_12_26.jpg,,,,,,,212
2024-02-03,2024-02-03,7.236677,5.190004,356.5948143,5,Well_Water_Level,,,,,,,5.04,,,,,213
2024-02-03,2024-02-03,7.241305,5.204462,369.6,4.372000217,Well_Water_Level,,,,,,,5.7,,,,,214
2024-02-03,2024-02-03,7.240777,5.20453,366.3,4.400000095,Illegal Dumpsites,,,,17069664221392466921653787044014-14_20_31.jpg,https://kc-eu.kobotoolbox.org/media/original?media_file=rsg_futa%2Fattachments%2F08314d5cb3504ee39083b0f9533ae0fd%2F0904a230-5ed7-40bb-9ea3-613ac91a3c30%2F17069664221392466921653787044014-14_20_31.jpg,,,,,,,215
2024-02-03,2024-02-03,7.240663,5.2048,364.5,1.899999976,Well_Water_Level,,,,,,,4.75,,,,,216
2024-02-03,2024-02-03,7.235771,5.190708,365.6739159,5,Well_Water_Level,,,,,,,5.96,,,,,217
2024-02-03,2024-02-03,7.240225,5.205145,366.8,2.349999905,Illegal Dumpsites,,,,17069669290184750851765807787831-14_28_56.jpg,https://kc-eu.kobotoolbox.org/media/original?media_file=rsg_futa%2Fattachments%2F08314d5cb3504ee39083b0f9533ae0fd%2Fd8a65596-0718-4e76-a0fb-9f98b28289db%2F17069669290184750851765807787831-14_28_56.jpg,,,,,,,218
2024-02-03,2024-02-03,7.235026,5.19011,355.962368,5,Well_Water_Level,,,,,,,5.37,,,,,219
2024-02-03,2024-02-03,7.235073,5.190012,357.2593651,5,Well_Water_Level,,,,,,,4.86,,,,,220
2024-02-03,2024-02-03,7.241323,5.206388,370.9,2.299999952,Telephone Masts,,,Unknown,,,,,17069673650606095462426903618914-14_36_40.jpg,https://kc-eu.kobotoolbox.org/media/original?media_file=rsg_futa%2Fattachments%2F08314d5cb3504ee39083b0f9533ae0fd%2F74858199-01d1-4f4f-84aa-83777e22ebf7%2F17069673650606095462426903618914-14_36_40.jpg,,,221
2024-02-03,2024-02-03,7.234125,5.192887,365.4795799,5,Well_Water_Level,,,,,,,3.89,,,,,222
2024-02-03,2024-02-03,7.234827,5.193548,366.8927879,5,Well_Water_Level,,,,,,,9.56,,,,,223
2024-02-03,2024-02-03,7.243093,5.203916,374.5,2,Well_Water_Level,,,,,,,5.11,,,,,224
2024-02-03,2024-02-03,7.242095,5.202948,375.7,2.5,Environmental Hazards,,,,,,Erosion ,,,,17069687372365879710707203306123-14_59_8.jpg,https://kc-eu.kobotoolbox.org/media/original?media_file=rsg_futa%2Fattachments%2F08314d5cb3504ee39083b0f9533ae0fd%2Fef572ec2-c7c2-4208-8a1b-959a634e9d06%2F17069687372365879710707203306123-14_59_8.jpg,225
2024-02-03,2024-02-03,7.234871,5.193564,367.2233857,5,Well_Water_Level,,,,,,,3.19,,,,,226
2024-02-03,2024-02-03,7.236426,5.194185,355.3488426,5,Environmental Hazards,,,,,,Erosion ,,,,image-9_2_43.jpg,https://kc-eu.kobotoolbox.org/media/original?media_file=rsg_futa%2Fattachments%2F08314d5cb3504ee39083b0f9533ae0fd%2F27da3786-4b29-4e9f-91da-7c635c2d49d3%2Fimage-9_2_43.jpg,227
2024-02-03,2024-02-03,7.242048,5.202668,375.7,2.935799837,Well_Water_Level,,,,,,,5.14,,,,,228
2024-02-03,2024-02-03,7.241202,5.202475,376.1,2.5,Well_Water_Level,,,,,,,2.69,,,,,229
2024-02-03,2024-02-03,7.236875,5.193527,355.1650658,5,Well_Water_Level,,,,,,,6.45,,,,,230
2024-02-03,2024-02-03,7.237136,5.192749,352.889492,5,Transformer,image-9_14_37.jpg,https://kc-eu.kobotoolbox.org/media/original?media_file=rsg_futa%2Fattachments%2F08314d5cb3504ee39083b0f9533ae0fd%2F8842abc3-a204-4e22-a37f-d52d4a439b47%2Fimage-9_14_37.jpg,,,,,,,,,,231
2024-02-03,2024-02-03,7.241768,5.201764,371.9,4.400000095,Transformer,17069697484233305896246542721383-15_16_1.jpg,https://kc-eu.kobotoolbox.org/media/original?media_file=rsg_futa%2Fattachments%2F08314d5cb3504ee39083b0f9533ae0fd%2Fcc12a720-1629-43ef-abf0-3c963cb42b02%2F17069697484233305896246542721383-15_16_1.jpg,,,,,,,,,,232
2024-02-03,2024-02-03,7.241768,5.201764,371.9,4.5,Illegal Dumpsites,,,,17069698196367196475789973061685-15_17_6.jpg,https://kc-eu.kobotoolbox.org/media/original?media_file=rsg_futa%2Fattachments%2F08314d5cb3504ee39083b0f9533ae0fd%2F51c782a5-f31c-48b2-91dd-a20cb6d11741%2F17069698196367196475789973061685-15_17_6.jpg,,,,,,,233
2024-02-03,2024-02-03,7.238894,5.192729,343.9550438,5,Telephone Masts,,,Unknown,,,,,image-9_20_55.jpg,https://kc-eu.kobotoolbox.org/media/original?media_file=rsg_futa%2Fattachments%2F08314d5cb3504ee39083b0f9533ae0fd%2Fcbf2579b-77ee-4f12-9974-5dd14684b12f%2Fimage-9_20_55.jpg,,,234
2024-02-03,2024-02-03,7.242493,5.200538,386.5,2.099999905,Well_Water_Level,,,,,,,6.61,,,,,235
2024-02-03,2024-02-03,7.238628,5.192181,340.8844872,5,Well_Water_Level,,,,,,,1.34,,,,,236
2024-02-03,2024-02-03,7.241691,5.198736,371.9,2.5,Transformer,17069704600483210119287331932485-15_27_46.jpg,https://kc-eu.kobotoolbox.org/media/original?media_file=rsg_futa%2Fattachments%2F08314d5cb3504ee39083b0f9533ae0fd%2F939a596b-85eb-4f66-bb00-897bdc160e24%2F17069704600483210119287331932485-15_27_46.jpg,,,,,,,,,,237
2024-02-03,2024-02-03,7.238614,5.192197,347.7707176,5,Well_Water_Level,,,,,,,5.37,,,,,238
2024-02-03,2024-02-03,7.24126,5.198827,370.7,2.099999905,Well_Water_Level,,,,,,,1.74,,,,,239
2024-02-03,2024-02-03,7.241287,5.198383,368.6,3.700000048,Well_Water_Level,,,,,,,3.76,,,,,240
2024-02-03,2024-02-03,7.238611,5.187229,353.0660667,5,Well_Water_Level,,,,,,,4.19,,,,,241
2024-02-03,2024-02-03,7.23911,5.187419,351.1213036,5,Telephone Masts,,,Unknown,,,,,image-9_46_22.jpg,https://kc-eu.kobotoolbox.org/media/original?media_file=rsg_futa%2Fattachments%2F08314d5cb3504ee39083b0f9533ae0fd%2F4f93e4d6-e303-4d9b-bc1e-a91651ae0e3a%2Fimage-9_46_22.jpg,,,242
2024-02-03,2024-02-03,7.239363,5.187109,350.9176292,5,Transformer,image-9_47_19.jpg,https://kc-eu.kobotoolbox.org/media/original?media_file=rsg_futa%2Fattachments%2F08314d5cb3504ee39083b0f9533ae0fd%2F948fe0f4-e781-4f43-8589-dd8a9e6c2efa%2Fimage-9_47_19.jpg,,,,,,,,,,243
2024-02-03,2024-02-03,7.24083333,5.19666667,373,0,Well_Water_Level,,,,,,,3.51,,,,,244
2024-02-03,2024-02-03,7.239866,5.187919,348.5909691,5,Well_Water_Level,,,,,,,3.6,,,,,245
2024-02-03,2024-02-03,7.239866,5.187919,350.780117,5,Illegal Dumpsites,,,,image-9_53_49.jpg,https://kc-eu.kobotoolbox.org/media/original?media_file=rsg_futa%2Fattachments%2F08314d5cb3504ee39083b0f9533ae0fd%2Fdb0a345c-5624-4e09-8050-808712dfa9a3%2Fimage-9_53_49.jpg,,,,,,,246
2024-02-03,2024-02-03,7.239439,5.189076,354.2637596,5,Illegal Dumpsites,,,,image-9_56_55.jpg,https://kc-eu.kobotoolbox.org/media/original?media_file=rsg_futa%2Fattachments%2F08314d5cb3504ee39083b0f9533ae0fd%2F16107c59-2f5e-46e8-a334-e91ad7be4978%2Fimage-9_56_55.jpg,,,,,,,247
2024-02-03,2024-02-03,7.240472,5.194892,361.5,3.900000095,Well_Water_Level,,,,,,,1.08,,,,,248
2024-02-03,2024-02-03,7.239902,5.190754,342.0788231,5,Well_Water_Level,,,,,,,0.48,,,,,249
2024-02-03,2024-02-03,7.23991,5.19071,342.1009178,5,Well_Water_Level,,,,,,,4.45,,,,,250
2024-02-03,2024-02-03,7.242091,5.191231,342.186367,5,Well_Water_Level,,,,,,,2.89,,,,,251
2024-02-03,2024-02-03,7.242884,5.19465,378.6,2.099999905,Well_Water_Level,,,,,,,4.68,,,,,252
2024-02-03,2024-02-03,7.242942,5.191673,350.5944481,5,Transformer,image-10_16_26.jpg,https://kc-eu.kobotoolbox.org/media/original?media_file=rsg_futa%2Fattachments%2F08314d5cb3504ee39083b0f9533ae0fd%2F00e6878e-933c-45ae-a480-3d19970975f1%2Fimage-10_16_26.jpg,,,,,,,,,,253
2024-02-03,2024-02-03,7.244142,5.19519,371.7,2,Well_Water_Level,,,,,,,7.43,,,,,254
2024-02-03,2024-02-03,7.243007,5.191666,353.0083885,5,Well_Water_Level,,,,,,,3.59,,,,,255
2024-02-03,2024-02-03,7.24501,5.19481,362.2,2.099999905,Well_Water_Level,,,,,,,4.58,,,,,256
2024-02-03,2024-02-03,7.242084,5.190322,344.0777855,5,Well_Water_Level,,,,,,,2.76,,,,,257
2024-02-03,2024-02-03,7.242434,5.189034,341.9234886,5,Telephone Masts,,,MTN,,,,,image-10_34_50.jpg,https://kc-eu.kobotoolbox.org/media/original?media_file=rsg_futa%2Fattachments%2F08314d5cb3504ee39083b0f9533ae0fd%2F22c4d22b-0b4b-4ecb-b760-17d8c1beb7cf%2Fimage-10_34_50.jpg,,,258
2024-02-03,2024-02-03,7.2462,5.196553,373.8,2.099999905,Well_Water_Level,,,,,,,6.37,,,,,259
2024-02-03,2024-02-03,7.243757,5.190749,347.1615868,5,Well_Water_Level,,,,,,,4.14,,,,,260
2024-02-03,2024-02-03,7.2447,5.197855,371.4,2.200000048,Well_Water_Level,,,,,,,3.05,,,,,261
2024-02-03,2024-02-03,7.242322,5.192032,352.7384911,5,Well_Water_Level,,,,,,,3.3,,,,,262
2024-02-03,2024-02-03,7.242432,5.199118,370.7,4.5,Transformer,17069756196813085576002474670911-16_59_11.jpg,https://kc-eu.kobotoolbox.org/media/original?media_file=rsg_futa%2Fattachments%2F08314d5cb3504ee39083b0f9533ae0fd%2F4c627190-403d-4c8c-8724-98c3b3094779%2F17069756196813085576002474670911-16_59_11.jpg,,,,,,,,,,263
2024-02-03,2024-02-03,7.240103,5.192712,347.9861717,5,Transformer,image-11_3_32.jpg,https://kc-eu.kobotoolbox.org/media/original?media_file=rsg_futa%2Fattachments%2F08314d5cb3504ee39083b0f9533ae0fd%2F60f81c03-9ef6-4585-9355-65ea9673cc90%2Fimage-11_3_32.jpg,,,,,,,,,,264
2024-02-03,2024-02-03,7.240161,5.192684,351.7865868,5,Well_Water_Level,,,,,,,2.84,,,,,265
2024-02-03,2024-02-03,7.238956,5.194861,345.7586327,5,Transformer,image-11_13_19.jpg,https://kc-eu.kobotoolbox.org/media/original?media_file=rsg_futa%2Fattachments%2F08314d5cb3504ee39083b0f9533ae0fd%2F14d18774-6223-4784-b9cf-4b4b7f13700f%2Fimage-11_13_19.jpg,,,,,,,,,,266
2024-02-03,2024-02-03,7.243013,5.200693,375.7,2.599999905,Well_Water_Level,,,,,,,7.43,,,,,267
2024-02-03,2024-02-03,7.245053,5.202035,384.8999939,2,Transformer,17069771381384508536015889410126-17_19_9.jpg,https://kc-eu.kobotoolbox.org/media/original?media_file=rsg_futa%2Fattachments%2F08314d5cb3504ee39083b0f9533ae0fd%2F13993150-121b-43ec-9c28-ca20f34fce3f%2F17069771381384508536015889410126-17_19_9.jpg,,,,,,,,,,268
2024-02-03,2024-02-03,7.242583,5.19422,351.4355125,5,Well_Water_Level,,,,,,,5.56,,,,,269
2024-02-03,2024-02-03,7.246356,5.201259,374.7999878,2,Well_Water_Level,,,,,,,3.26,,,,,270
2024-02-03,2024-02-03,7.244681,5.19386,354.3672142,5,Well_Water_Level,,,,,,,4.09,,,,,271
2024-02-03,2024-02-03,7.245228,5.191958,348.6423607,5,Well_Water_Level,,,,,,,2.83,,,,,272
2024-02-03,2024-02-03,7.246224,5.192208,344.0870018,5,Illegal Dumpsites,,,,image-11_48_8.jpg,https://kc-eu.kobotoolbox.org/media/original?media_file=rsg_futa%2Fattachments%2F08314d5cb3504ee39083b0f9533ae0fd%2F48a58287-f70b-43cf-ab02-97d8bea2db1f%2Fimage-11_48_8.jpg,,,,,,,273
2024-02-03,2024-02-03,7.246071,5.191329,352.9886131,5,Well_Water_Level,,,,,,,2.92,,,,,274
2024-02-03,2024-02-03,7.245936,5.190745,351.0181541,5,Well_Water_Level,,,,,,,4.43,,,,,275
2024-02-03,2024-02-03,7.247362,5.191104,344.8047142,5,Well_Water_Level,,,,,,,4.06,,,,,276
2024-02-03,2024-02-03,7.246998,5.192853,345.0525169,5,Well_Water_Level,,,,,,,1.26,,,,,277
2024-02-03,2024-02-03,7.246888,5.193499,351.1438866,5,Well_Water_Level,,,,,,,2.05,,,,,278
2024-02-03,2024-02-03,7.247181,5.193473,347.9876366,5,Illegal Dumpsites,,,,image-12_15_48.jpg,https://kc-eu.kobotoolbox.org/media/original?media_file=rsg_futa%2Fattachments%2F08314d5cb3504ee39083b0f9533ae0fd%2Fa6c6c438-087a-405e-9146-8d15f5dd5a6a%2Fimage-12_15_48.jpg,,,,,,,279
2024-02-03,2024-02-03,7.24911,5.193427,346.5277367,5,Well_Water_Level,,,,,,,1,,,,,280
2024-02-03,2024-02-03,7.250118,5.193126,348.274868,5,Well_Water_Level,,,,,,,2.16,,,,,281
2024-02-03,2024-02-03,7.250004,5.192517,344.0147972,5,Well_Water_Level,,,,,,,1.02,,,,,282
2024-02-03,2024-02-03,7.249564,5.192602,346.3005028,5,Illegal Dumpsites,,,,image-12_31_33.jpg,https://kc-eu.kobotoolbox.org/media/original?media_file=rsg_futa%2Fattachments%2F08314d5cb3504ee39083b0f9533ae0fd%2F8b15c1ad-edaa-43b6-b903-2f0606f1cffa%2Fimage-12_31_33.jpg,,,,,,,283
2024-02-03,2024-02-03,7.250816,5.193103,344.9923973,5,Well_Water_Level,,,,,,,4.26,,,,,284
